<?xml version="1.0" encoding="UTF-8" standalone="no"?><TaskList Version="2.0"><TaskCategory Handle="Uncategorized" Name="Uncategorized"/><Task Active="false" ConnectorKind="jira" CreationDate="2012-12-16 23:13:18.0 -0800" DueDate="" EndDate="" Estimated="0" Handle="https://samoranatigirum.atlassian.net-10126" IssueURL="https://samoranatigirum.atlassian.net/browse/HANG-5" Key="HANG-5" Kind="Epic" Label="GUI Overhaul" MarkReadPending="false" ModificationDate="2012-12-19 20:46:52.0 -0800" Notes="" NotifiedIncoming="false" Owner="natitessema" Priority="P3" Reminded="false" RepositoryUrl="https://samoranatigirum.atlassian.net" Stale="false" TaskId="10126" offlineSyncState="INCOMING_NEW"><Attribute Key="isSubtaskType">false</Attribute><Attribute Key="task.common.product">10004</Attribute></Task><Task Active="false" ConnectorKind="jira" CreationDate="2012-12-17 20:19:18.0 -0800" DueDate="" EndDate="" Estimated="0" Handle="https://samoranatigirum.atlassian.net-10148" IssueURL="https://samoranatigirum.atlassian.net/browse/HANG-27" Key="HANG-27" Kind="Story" Label="Optionally provide phone number" MarkReadPending="false" ModificationDate="2012-12-17 21:07:37.0 -0800" Notes="" NotifiedIncoming="false" Owner="ibssagirum@gmail.com" Priority="P5" Reminded="false" RepositoryUrl="https://samoranatigirum.atlassian.net" Stale="false" TaskId="10148" offlineSyncState="INCOMING_NEW"><Attribute Key="isSubtaskType">false</Attribute><Attribute Key="task.common.product">10004</Attribute></Task><Task Active="false" ConnectorKind="jira" CreationDate="2012-12-16 23:15:01.0 -0800" DueDate="" EndDate="" Estimated="0" Handle="https://samoranatigirum.atlassian.net-10130" IssueURL="https://samoranatigirum.atlassian.net/browse/HANG-9" Key="HANG-9" Kind="Story" Label="Client-side &quot;friend rename&quot;" MarkReadPending="false" ModificationDate="2012-12-17 22:26:37.0 -0800" Notes="" NotifiedIncoming="false" Owner="ibssagirum@gmail.com" Priority="P4" Reminded="false" RepositoryUrl="https://samoranatigirum.atlassian.net" Stale="false" TaskId="10130" offlineSyncState="INCOMING_NEW"><Attribute Key="isSubtaskType">false</Attribute><Attribute Key="task.common.product">10004</Attribute></Task><Task Active="false" ConnectorKind="jira" CreationDate="2012-12-16 23:17:00.0 -0800" DueDate="" EndDate="" Estimated="0" Handle="https://samoranatigirum.atlassian.net-10133" IssueURL="https://samoranatigirum.atlassian.net/browse/HANG-12" Key="HANG-12" Kind="Task" Label="Promotional video" MarkReadPending="false" ModificationDate="2012-12-17 20:19:37.0 -0800" Notes="" NotifiedIncoming="false" Owner="ibssagirum@gmail.com" Priority="P3" Reminded="false" RepositoryUrl="https://samoranatigirum.atlassian.net" Stale="false" TaskId="10133" offlineSyncState="INCOMING_NEW"><Attribute Key="isSubtaskType">false</Attribute><Attribute Key="task.common.product">10004</Attribute></Task><Task Active="false" ConnectorKind="jira" CreationDate="2012-12-17 20:47:30.0 -0800" DueDate="" EndDate="" Estimated="0" Handle="https://samoranatigirum.atlassian.net-10161" IssueURL="https://samoranatigirum.atlassian.net/browse/HANG-40" Key="HANG-40" Kind="Sub-task" Label="Bamboo / Hudson / Jenkins decison" MarkReadPending="false" ModificationDate="2012-12-17 21:02:33.0 -0800" Notes="" NotifiedIncoming="false" Owner="ibssagirum@gmail.com" Priority="P5" Reminded="false" RepositoryUrl="https://samoranatigirum.atlassian.net" Stale="false" TaskId="10161" offlineSyncState="INCOMING_NEW"><Attribute Key="isSubtaskType">true</Attribute><Attribute Key="task.common.product">10004</Attribute></Task><Task Active="false" ConnectorKind="jira" CreationDate="2012-12-17 20:17:06.0 -0800" DueDate="" EndDate="" Estimated="0" Handle="https://samoranatigirum.atlassian.net-10145" IssueURL="https://samoranatigirum.atlassian.net/browse/HANG-24" Key="HANG-24" Kind="Epic" Label="&quot;The Unknown&quot;" MarkReadPending="false" ModificationDate="2012-12-18 00:59:32.0 -0800" Notes="" NotifiedIncoming="false" Owner="ibssagirum@gmail.com" Priority="P5" Reminded="false" RepositoryUrl="https://samoranatigirum.atlassian.net" Stale="false" TaskId="10145" offlineSyncState="INCOMING_NEW"><Attribute Key="isSubtaskType">false</Attribute><Attribute Key="task.common.product">10004</Attribute></Task><Task Active="false" ConnectorKind="jira" CreationDate="2012-12-17 20:17:18.0 -0800" DueDate="" EndDate="" Estimated="0" Handle="https://samoranatigirum.atlassian.net-10146" IssueURL="https://samoranatigirum.atlassian.net/browse/HANG-25" Key="HANG-25" Kind="Story" Label="Limit friends" MarkReadPending="false" ModificationDate="2012-12-17 21:04:58.0 -0800" Notes="" NotifiedIncoming="false" Owner="ibssagirum@gmail.com" Priority="P5" Reminded="false" RepositoryUrl="https://samoranatigirum.atlassian.net" Stale="false" TaskId="10146" offlineSyncState="INCOMING_NEW"><Attribute Key="isSubtaskType">false</Attribute><Attribute Key="task.common.product">10004</Attribute></Task><Task Active="false" ConnectorKind="jira" CreationDate="2012-12-16 23:15:20.0 -0800" DueDate="" EndDate="" Estimated="0" Handle="https://samoranatigirum.atlassian.net-10131" IssueURL="https://samoranatigirum.atlassian.net/browse/HANG-10" Key="HANG-10" Kind="Task" Label="Play-test / track down all XMPP bugs." MarkReadPending="false" ModificationDate="2012-12-17 22:36:30.0 -0800" Notes="" NotifiedIncoming="false" Owner="natitessema" Priority="P3" Reminded="false" RepositoryUrl="https://samoranatigirum.atlassian.net" Stale="false" TaskId="10131" offlineSyncState="INCOMING_NEW"><Attribute Key="isSubtaskType">false</Attribute><Attribute Key="task.common.product">10004</Attribute><SubTask Handle="https://samoranatigirum.atlassian.net-10173"/></Task><Task Active="false" ConnectorKind="jira" CreationDate="2012-12-16 23:11:44.0 -0800" DueDate="" EndDate="" Estimated="0" Handle="https://samoranatigirum.atlassian.net-10124" IssueURL="https://samoranatigirum.atlassian.net/browse/HANG-3" Key="HANG-3" Kind="Story" Label="True MUCs" MarkReadPending="false" ModificationDate="2012-12-17 22:35:39.0 -0800" Notes="" NotifiedIncoming="false" Owner="ibssagirum@gmail.com" Priority="P3" Reminded="false" RepositoryUrl="https://samoranatigirum.atlassian.net" Stale="false" TaskId="10124" offlineSyncState="INCOMING_NEW"><Attribute Key="isSubtaskType">false</Attribute><Attribute Key="task.common.product">10004</Attribute></Task><Task Active="false" ConnectorKind="jira" CreationDate="2012-12-16 23:16:22.0 -0800" DueDate="" EndDate="" Estimated="0" Handle="https://samoranatigirum.atlassian.net-10132" IssueURL="https://samoranatigirum.atlassian.net/browse/HANG-11" Key="HANG-11" Kind="Improvement" Label="Integrate Flurry analytics" MarkReadPending="false" ModificationDate="2012-12-19 23:44:22.0 -0800" Notes="" NotifiedIncoming="false" Owner="ibssagirum@gmail.com" Priority="P3" Reminded="false" RepositoryUrl="https://samoranatigirum.atlassian.net" Stale="false" TaskId="10132" offlineSyncState="INCOMING_NEW"><Attribute Key="isSubtaskType">false</Attribute><Attribute Key="task.common.product">10004</Attribute></Task><Task Active="false" ConnectorKind="jira" CreationDate="2012-12-17 20:17:41.0 -0800" DueDate="" EndDate="" Estimated="0" Handle="https://samoranatigirum.atlassian.net-10147" IssueURL="https://samoranatigirum.atlassian.net/browse/HANG-26" Key="HANG-26" Kind="Epic" Label="Promotion" MarkReadPending="false" ModificationDate="2012-12-17 20:33:48.0 -0800" Notes="" NotifiedIncoming="false" Owner="ibssagirum@gmail.com" Priority="P3" Reminded="false" RepositoryUrl="https://samoranatigirum.atlassian.net" Stale="false" TaskId="10147" offlineSyncState="INCOMING_NEW"><Attribute Key="isSubtaskType">false</Attribute><Attribute Key="task.common.product">10004</Attribute></Task><Task Active="false" ConnectorKind="jira" CreationDate="2012-12-17 21:20:06.0 -0800" DueDate="" EndDate="" Estimated="0" Handle="https://samoranatigirum.atlassian.net-10169" IssueURL="https://samoranatigirum.atlassian.net/browse/HANG-48" Key="HANG-48" Kind="Task" Label="Event Invite Activity" MarkReadPending="false" ModificationDate="2012-12-17 21:20:07.0 -0800" Notes="" NotifiedIncoming="false" Owner="ibssagirum@gmail.com" Priority="P4" Reminded="false" RepositoryUrl="https://samoranatigirum.atlassian.net" Stale="false" TaskId="10169" offlineSyncState="INCOMING_NEW"><Attribute Key="isSubtaskType">false</Attribute><Attribute Key="task.common.product">10004</Attribute></Task><Task Active="false" ConnectorKind="jira" CreationDate="2012-12-17 20:38:12.0 -0800" DueDate="" EndDate="" Estimated="0" Handle="https://samoranatigirum.atlassian.net-10157" IssueURL="https://samoranatigirum.atlassian.net/browse/HANG-36" Key="HANG-36" Kind="Task" Label="List Item Dropdown" MarkReadPending="false" ModificationDate="2012-12-17 20:38:13.0 -0800" Notes="" NotifiedIncoming="false" Owner="ibssagirum@gmail.com" Priority="P4" Reminded="false" RepositoryUrl="https://samoranatigirum.atlassian.net" Stale="false" TaskId="10157" offlineSyncState="INCOMING_NEW"><Attribute Key="isSubtaskType">false</Attribute><Attribute Key="task.common.product">10004</Attribute></Task><Task Active="false" ConnectorKind="jira" CreationDate="2012-12-17 19:57:40.0 -0800" DueDate="" EndDate="" Estimated="0" Handle="https://samoranatigirum.atlassian.net-10143" IssueURL="https://samoranatigirum.atlassian.net/browse/HANG-22" Key="HANG-22" Kind="Story" Label="Android widget" MarkReadPending="false" ModificationDate="2012-12-17 20:22:13.0 -0800" Notes="" NotifiedIncoming="false" Owner="ibssagirum@gmail.com" Priority="P4" Reminded="false" RepositoryUrl="https://samoranatigirum.atlassian.net" Stale="false" TaskId="10143" offlineSyncState="INCOMING_NEW"><Attribute Key="isSubtaskType">false</Attribute><Attribute Key="task.common.product">10004</Attribute></Task><Task Active="false" ConnectorKind="jira" CreationDate="2012-12-17 20:46:36.0 -0800" DueDate="" EndDate="" Estimated="0" Handle="https://samoranatigirum.atlassian.net-10160" IssueURL="https://samoranatigirum.atlassian.net/browse/HANG-39" Key="HANG-39" Kind="Sub-task" Label="Unit Tests" MarkReadPending="false" ModificationDate="2012-12-17 21:02:01.0 -0800" Notes="" NotifiedIncoming="false" Owner="ibssagirum@gmail.com" Priority="P5" Reminded="false" RepositoryUrl="https://samoranatigirum.atlassian.net" Stale="false" TaskId="10160" offlineSyncState="INCOMING_NEW"><Attribute Key="isSubtaskType">true</Attribute><Attribute Key="task.common.product">10004</Attribute></Task><Task Active="false" ConnectorKind="jira" CreationDate="2012-12-17 20:33:23.0 -0800" DueDate="" EndDate="" Estimated="0" Handle="https://samoranatigirum.atlassian.net-10154" IssueURL="https://samoranatigirum.atlassian.net/browse/HANG-33" Key="HANG-33" Kind="Story" Label="Submit app for public review" MarkReadPending="false" ModificationDate="2012-12-17 20:34:24.0 -0800" Notes="" NotifiedIncoming="false" Owner="ibssagirum@gmail.com" Priority="P4" Reminded="false" RepositoryUrl="https://samoranatigirum.atlassian.net" Stale="false" TaskId="10154" offlineSyncState="INCOMING_NEW"><Attribute Key="isSubtaskType">false</Attribute><Attribute Key="task.common.product">10004</Attribute></Task><Task Active="false" ConnectorKind="jira" CreationDate="2012-12-19 23:48:40.0 -0800" DueDate="" EndDate="2012-12-20 00:00:21.0 -0800" Estimated="0" Handle="https://samoranatigirum.atlassian.net-10177" IssueURL="https://samoranatigirum.atlassian.net/browse/HANG-56" Key="HANG-56" Kind="Bug" Label="Chat history between girum-nati is broken." MarkReadPending="false" ModificationDate="2012-12-20 00:00:21.0 -0800" Notes="" NotifiedIncoming="false" Owner="ibssagirum@gmail.com" Priority="P1" Reminded="false" RepositoryUrl="https://samoranatigirum.atlassian.net" Stale="false" TaskId="10177" offlineSyncState="INCOMING_NEW"><Attribute Key="isSubtaskType">false</Attribute><Attribute Key="task.common.product">10004</Attribute></Task><Task Active="false" ConnectorKind="jira" CreationDate="2012-12-17 20:03:46.0 -0800" DueDate="" EndDate="" Estimated="0" Handle="https://samoranatigirum.atlassian.net-10144" IssueURL="https://samoranatigirum.atlassian.net/browse/HANG-23" Key="HANG-23" Kind="Story" Label="Client-side mutual friends" MarkReadPending="false" ModificationDate="2012-12-17 21:09:49.0 -0800" Notes="" NotifiedIncoming="false" Owner="ibssagirum@gmail.com" Priority="P4" Reminded="false" RepositoryUrl="https://samoranatigirum.atlassian.net" Stale="false" TaskId="10144" offlineSyncState="INCOMING_NEW"><Attribute Key="isSubtaskType">false</Attribute><Attribute Key="task.common.product">10004</Attribute></Task><Task Active="false" ConnectorKind="jira" CreationDate="2012-12-17 00:30:49.0 -0800" DueDate="" EndDate="" Estimated="0" Handle="https://samoranatigirum.atlassian.net-10135" IssueURL="https://samoranatigirum.atlassian.net/browse/HANG-14" Key="HANG-14" Kind="Epic" Label="First Release Functionality" MarkReadPending="false" ModificationDate="2012-12-17 00:31:06.0 -0800" Notes="" NotifiedIncoming="false" Owner="ibssagirum@gmail.com" Priority="P3" Reminded="false" RepositoryUrl="https://samoranatigirum.atlassian.net" Stale="false" TaskId="10135" offlineSyncState="INCOMING_NEW"><Attribute Key="isSubtaskType">false</Attribute><Attribute Key="task.common.product">10004</Attribute></Task><Task Active="false" ConnectorKind="jira" CreationDate="2012-12-17 20:36:33.0 -0800" DueDate="" EndDate="" Estimated="0" Handle="https://samoranatigirum.atlassian.net-10156" IssueURL="https://samoranatigirum.atlassian.net/browse/HANG-35" Key="HANG-35" Kind="Task" Label="Custom buttons" MarkReadPending="false" ModificationDate="2012-12-17 20:37:37.0 -0800" Notes="" NotifiedIncoming="false" Owner="ibssagirum@gmail.com" Priority="P4" Reminded="false" RepositoryUrl="https://samoranatigirum.atlassian.net" Stale="false" TaskId="10156" offlineSyncState="INCOMING_NEW"><Attribute Key="isSubtaskType">false</Attribute><Attribute Key="task.common.product">10004</Attribute></Task><Task Active="false" ConnectorKind="jira" CreationDate="2012-12-17 20:46:30.0 -0800" DueDate="" EndDate="" Estimated="0" Handle="https://samoranatigirum.atlassian.net-10159" IssueURL="https://samoranatigirum.atlassian.net/browse/HANG-38" Key="HANG-38" Kind="Task" Label="Delete Account" MarkReadPending="false" ModificationDate="2012-12-17 20:46:31.0 -0800" Notes="" NotifiedIncoming="false" Owner="ibssagirum@gmail.com" Priority="P4" Reminded="false" RepositoryUrl="https://samoranatigirum.atlassian.net" Stale="false" TaskId="10159" offlineSyncState="INCOMING_NEW"><Attribute Key="isSubtaskType">false</Attribute><Attribute Key="task.common.product">10004</Attribute></Task><Task Active="false" ConnectorKind="jira" CreationDate="2012-12-16 23:14:44.0 -0800" DueDate="" EndDate="" Estimated="0" Handle="https://samoranatigirum.atlassian.net-10129" IssueURL="https://samoranatigirum.atlassian.net/browse/HANG-8" Key="HANG-8" Kind="Story" Label="Client-side friend roster" MarkReadPending="false" ModificationDate="2012-12-19 20:47:31.0 -0800" Notes="" NotifiedIncoming="false" Owner="natitessema" Priority="P2" Reminded="false" RepositoryUrl="https://samoranatigirum.atlassian.net" Stale="false" TaskId="10129" offlineSyncState="INCOMING_NEW"><Attribute Key="isSubtaskType">false</Attribute><Attribute Key="task.common.product">10004</Attribute></Task><Task Active="false" ConnectorKind="jira" CreationDate="2012-12-17 21:28:03.0 -0800" DueDate="" EndDate="" Estimated="0" Handle="https://samoranatigirum.atlassian.net-10171" IssueURL="https://samoranatigirum.atlassian.net/browse/HANG-50" Key="HANG-50" Kind="Task" Label="Manage Jabber Connectivity" MarkReadPending="false" ModificationDate="2012-12-17 21:29:50.0 -0800" Notes="" NotifiedIncoming="false" Owner="ibssagirum@gmail.com" Priority="P3" Reminded="false" RepositoryUrl="https://samoranatigirum.atlassian.net" Stale="false" TaskId="10171" offlineSyncState="INCOMING_NEW"><Attribute Key="isSubtaskType">false</Attribute><Attribute Key="task.common.product">10004</Attribute></Task><Task Active="false" ConnectorKind="jira" CreationDate="2012-12-17 20:23:54.0 -0800" DueDate="" EndDate="" Estimated="0" Handle="https://samoranatigirum.atlassian.net-10151" IssueURL="https://samoranatigirum.atlassian.net/browse/HANG-30" Key="HANG-30" Kind="Story" Label="Custom font" MarkReadPending="false" ModificationDate="2012-12-17 20:35:34.0 -0800" Notes="" NotifiedIncoming="false" Owner="ibssagirum@gmail.com" Priority="P5" Reminded="false" RepositoryUrl="https://samoranatigirum.atlassian.net" Stale="false" TaskId="10151" offlineSyncState="INCOMING_NEW"><Attribute Key="isSubtaskType">false</Attribute><Attribute Key="task.common.product">10004</Attribute></Task><Task Active="false" ConnectorKind="jira" CreationDate="2012-12-16 23:17:17.0 -0800" DueDate="" EndDate="" Estimated="0" Handle="https://samoranatigirum.atlassian.net-10134" IssueURL="https://samoranatigirum.atlassian.net/browse/HANG-13" Key="HANG-13" Kind="Task" Label="hangapp.com Promo website" MarkReadPending="false" ModificationDate="2012-12-17 20:21:31.0 -0800" Notes="" NotifiedIncoming="false" Owner="ibssagirum@gmail.com" Priority="P5" Reminded="false" RepositoryUrl="https://samoranatigirum.atlassian.net" Stale="false" TaskId="10134" offlineSyncState="INCOMING_NEW"><Attribute Key="isSubtaskType">false</Attribute><Attribute Key="task.common.product">10004</Attribute></Task><Task Active="false" ConnectorKind="jira" CreationDate="2012-12-17 20:23:16.0 -0800" DueDate="" EndDate="" Estimated="0" Handle="https://samoranatigirum.atlassian.net-10149" IssueURL="https://samoranatigirum.atlassian.net/browse/HANG-28" Key="HANG-28" Kind="Story" Label="Users who you don't hang out with often fall down your list." MarkReadPending="false" ModificationDate="2012-12-17 20:23:46.0 -0800" Notes="" NotifiedIncoming="false" Owner="ibssagirum@gmail.com" Priority="P5" Reminded="false" RepositoryUrl="https://samoranatigirum.atlassian.net" Stale="false" TaskId="10149" offlineSyncState="INCOMING_NEW"><Attribute Key="isSubtaskType">false</Attribute><Attribute Key="task.common.product">10004</Attribute></Task><Task Active="false" ConnectorKind="jira" CreationDate="2012-12-17 21:14:58.0 -0800" DueDate="" EndDate="" Estimated="0" Handle="https://samoranatigirum.atlassian.net-10166" IssueURL="https://samoranatigirum.atlassian.net/browse/HANG-45" Key="HANG-45" Kind="Task" Label="Once daily data integrity check?" MarkReadPending="false" ModificationDate="2012-12-17 21:15:01.0 -0800" Notes="" NotifiedIncoming="false" Owner="ibssagirum@gmail.com" Priority="P5" Reminded="false" RepositoryUrl="https://samoranatigirum.atlassian.net" Stale="false" TaskId="10166" offlineSyncState="INCOMING_NEW"><Attribute Key="isSubtaskType">false</Attribute><Attribute Key="task.common.product">10004</Attribute></Task><Task Active="false" ConnectorKind="jira" CreationDate="2012-12-19 23:08:56.0 -0800" DueDate="" EndDate="" Estimated="0" Handle="https://samoranatigirum.atlassian.net-10176" IssueURL="https://samoranatigirum.atlassian.net/browse/HANG-55" Key="HANG-55" Kind="Story" Label="Splash screen?" MarkReadPending="false" ModificationDate="2012-12-19 23:08:56.0 -0800" Notes="" NotifiedIncoming="false" Owner="ibssagirum@gmail.com" Priority="P4" Reminded="false" RepositoryUrl="https://samoranatigirum.atlassian.net" Stale="false" TaskId="10176" offlineSyncState="INCOMING_NEW"><Attribute Key="isSubtaskType">false</Attribute><Attribute Key="task.common.product">10004</Attribute></Task><Task Active="false" ConnectorKind="jira" CreationDate="2012-12-17 21:12:43.0 -0800" DueDate="" EndDate="" Estimated="0" Handle="https://samoranatigirum.atlassian.net-10165" IssueURL="https://samoranatigirum.atlassian.net/browse/HANG-44" Key="HANG-44" Kind="Task" Label="Idea can be easily ripped off" MarkReadPending="false" ModificationDate="2012-12-17 21:12:47.0 -0800" Notes="" NotifiedIncoming="false" Owner="ibssagirum@gmail.com" Priority="P4" Reminded="false" RepositoryUrl="https://samoranatigirum.atlassian.net" Stale="false" TaskId="10165" offlineSyncState="INCOMING_NEW"><Attribute Key="isSubtaskType">false</Attribute><Attribute Key="task.common.product">10004</Attribute></Task><Task Active="false" ConnectorKind="jira" CreationDate="2012-12-17 19:42:20.0 -0800" DueDate="" EndDate="" Estimated="0" Handle="https://samoranatigirum.atlassian.net-10142" IssueURL="https://samoranatigirum.atlassian.net/browse/HANG-21" Key="HANG-21" Kind="Story" Label="&quot;RED&quot; status disables incoming push notifications." MarkReadPending="false" ModificationDate="2012-12-17 20:24:52.0 -0800" Notes="" NotifiedIncoming="false" Owner="ibssagirum@gmail.com" Priority="P4" Reminded="false" RepositoryUrl="https://samoranatigirum.atlassian.net" Stale="false" TaskId="10142" offlineSyncState="INCOMING_NEW"><Attribute Key="isSubtaskType">false</Attribute><Attribute Key="task.common.product">10004</Attribute></Task><Task Active="false" ConnectorKind="jira" CreationDate="2012-12-16 15:03:25.0 -0800" DueDate="2012-12-21 00:00:00.0 -0800" EndDate="" Estimated="0" Handle="https://samoranatigirum.atlassian.net-10006" IssueURL="https://samoranatigirum.atlassian.net/browse/HANG-1" Key="HANG-1" Kind="Story" Label="In-app registration" MarkReadPending="false" ModificationDate="2012-12-20 00:03:10.0 -0800" Notes="" NotifiedIncoming="false" Owner="ibssagirum@gmail.com" Priority="P2" Reminded="false" RepositoryUrl="https://samoranatigirum.atlassian.net" Stale="false" TaskId="10006" offlineSyncState="INCOMING"><Attribute Key="isSubtaskType">false</Attribute><Attribute Key="task.common.product">10004</Attribute></Task><Task Active="false" ConnectorKind="jira" CreationDate="2012-12-17 21:31:14.0 -0800" DueDate="" EndDate="" Estimated="0" Handle="https://samoranatigirum.atlassian.net-10172" IssueURL="https://samoranatigirum.atlassian.net/browse/HANG-51" Key="HANG-51" Kind="Epic" Label="&quot;Invite to chat pending&quot;" MarkReadPending="false" ModificationDate="2012-12-17 21:31:14.0 -0800" Notes="" NotifiedIncoming="false" Owner="ibssagirum@gmail.com" Priority="P3" Reminded="false" RepositoryUrl="https://samoranatigirum.atlassian.net" Stale="false" TaskId="10172" offlineSyncState="INCOMING_NEW"><Attribute Key="isSubtaskType">false</Attribute><Attribute Key="task.common.product">10004</Attribute></Task><Task Active="false" ConnectorKind="jira" CreationDate="2012-12-17 20:23:19.0 -0800" DueDate="" EndDate="" Estimated="0" Handle="https://samoranatigirum.atlassian.net-10150" IssueURL="https://samoranatigirum.atlassian.net/browse/HANG-29" Key="HANG-29" Kind="Story" Label="In-app SMS" MarkReadPending="false" ModificationDate="2012-12-17 21:07:48.0 -0800" Notes="" NotifiedIncoming="false" Owner="ibssagirum@gmail.com" Priority="P5" Reminded="false" RepositoryUrl="https://samoranatigirum.atlassian.net" Stale="false" TaskId="10150" offlineSyncState="INCOMING_NEW"><Attribute Key="isSubtaskType">false</Attribute><Attribute Key="task.common.product">10004</Attribute></Task><Task Active="false" ConnectorKind="jira" CreationDate="2012-12-17 19:41:39.0 -0800" DueDate="" EndDate="" Estimated="0" Handle="https://samoranatigirum.atlassian.net-10141" IssueURL="https://samoranatigirum.atlassian.net/browse/HANG-20" Key="HANG-20" Kind="New Feature" Label="Initiate phone calls from app" MarkReadPending="false" ModificationDate="2012-12-17 20:21:57.0 -0800" Notes="" NotifiedIncoming="false" Owner="ibssagirum@gmail.com" Priority="P4" Reminded="false" RepositoryUrl="https://samoranatigirum.atlassian.net" Stale="false" TaskId="10141" offlineSyncState="INCOMING_NEW"><Attribute Key="isSubtaskType">false</Attribute><Attribute Key="task.common.product">10004</Attribute></Task><Task Active="false" ConnectorKind="jira" CreationDate="2012-12-16 23:14:16.0 -0800" DueDate="" EndDate="" Estimated="0" Handle="https://samoranatigirum.atlassian.net-10128" IssueURL="https://samoranatigirum.atlassian.net/browse/HANG-7" Key="HANG-7" Kind="Epic" Label="iPhone Client" MarkReadPending="false" ModificationDate="2012-12-17 21:10:16.0 -0800" Notes="" NotifiedIncoming="false" Owner="ibssagirum@gmail.com" Priority="P4" Reminded="false" RepositoryUrl="https://samoranatigirum.atlassian.net" Stale="false" TaskId="10128" offlineSyncState="INCOMING_NEW"><Attribute Key="isSubtaskType">false</Attribute><Attribute Key="task.common.product">10004</Attribute></Task><Task Active="false" ConnectorKind="jira" CreationDate="2012-12-17 00:37:05.0 -0800" DueDate="" EndDate="" Estimated="0" Handle="https://samoranatigirum.atlassian.net-10136" IssueURL="https://samoranatigirum.atlassian.net/browse/HANG-15" Key="HANG-15" Kind="Sub-task" Label="&quot;Add New Friend&quot; GUI" MarkReadPending="false" ModificationDate="2012-12-18 00:35:44.0 -0800" Notes="" NotifiedIncoming="false" Owner="natitessema" Priority="P3" Reminded="false" RepositoryUrl="https://samoranatigirum.atlassian.net" Stale="false" TaskId="10136" offlineSyncState="INCOMING_NEW"><Attribute Key="isSubtaskType">true</Attribute><Attribute Key="task.common.product">10004</Attribute></Task><Task Active="false" ConnectorKind="jira" CreationDate="2012-12-17 19:34:55.0 -0800" DueDate="" EndDate="" Estimated="0" Handle="https://samoranatigirum.atlassian.net-10139" IssueURL="https://samoranatigirum.atlassian.net/browse/HANG-18" Key="HANG-18" Kind="Improvement" Label="Status update pushes refresh task to all friends" MarkReadPending="false" ModificationDate="2012-12-17 20:24:50.0 -0800" Notes="" NotifiedIncoming="false" Owner="ibssagirum@gmail.com" Priority="P4" Reminded="false" RepositoryUrl="https://samoranatigirum.atlassian.net" Stale="false" TaskId="10139" offlineSyncState="INCOMING_NEW"><Attribute Key="isSubtaskType">false</Attribute><Attribute Key="task.common.product">10004</Attribute></Task><Task Active="false" ConnectorKind="jira" CreationDate="2012-12-16 23:13:57.0 -0800" DueDate="" EndDate="" Estimated="0" Handle="https://samoranatigirum.atlassian.net-10127" IssueURL="https://samoranatigirum.atlassian.net/browse/HANG-6" Key="HANG-6" Kind="New Feature" Label="#hashtag Intents" MarkReadPending="false" ModificationDate="2012-12-17 20:24:28.0 -0800" Notes="" NotifiedIncoming="false" Owner="ibssagirum@gmail.com" Priority="P3" Reminded="false" RepositoryUrl="https://samoranatigirum.atlassian.net" Stale="false" TaskId="10127" offlineSyncState="INCOMING_NEW"><Attribute Key="isSubtaskType">false</Attribute><Attribute Key="task.common.product">10004</Attribute></Task><Task Active="false" ConnectorKind="jira" CreationDate="2012-12-17 20:46:25.0 -0800" DueDate="" EndDate="" Estimated="0" Handle="https://samoranatigirum.atlassian.net-10158" IssueURL="https://samoranatigirum.atlassian.net/browse/HANG-37" Key="HANG-37" Kind="Task" Label="Continuous Integration" MarkReadPending="false" ModificationDate="2012-12-17 21:02:45.0 -0800" Notes="" NotifiedIncoming="false" Owner="ibssagirum@gmail.com" Priority="P3" Reminded="false" RepositoryUrl="https://samoranatigirum.atlassian.net" Stale="false" TaskId="10158" offlineSyncState="INCOMING_NEW"><Attribute Key="isSubtaskType">false</Attribute><Attribute Key="task.common.product">10004</Attribute><SubTask Handle="https://samoranatigirum.atlassian.net-10160"/><SubTask Handle="https://samoranatigirum.atlassian.net-10161"/></Task><Task Active="false" ConnectorKind="jira" CreationDate="2012-12-17 21:00:58.0 -0800" DueDate="" EndDate="" Estimated="0" Handle="https://samoranatigirum.atlassian.net-10163" IssueURL="https://samoranatigirum.atlassian.net/browse/HANG-42" Key="HANG-42" Kind="Epic" Label="Core" MarkReadPending="false" ModificationDate="2012-12-20 00:02:48.0 -0800" Notes="" NotifiedIncoming="false" Owner="ibssagirum@gmail.com" Priority="P3" Reminded="false" RepositoryUrl="https://samoranatigirum.atlassian.net" Stale="false" TaskId="10163" offlineSyncState="INCOMING_NEW"><Attribute Key="isSubtaskType">false</Attribute><Attribute Key="task.common.product">10004</Attribute></Task><Task Active="false" ConnectorKind="jira" CreationDate="2012-12-17 22:18:31.0 -0800" DueDate="" EndDate="" Estimated="0" Handle="https://samoranatigirum.atlassian.net-10173" IssueURL="https://samoranatigirum.atlassian.net/browse/HANG-52" Key="HANG-52" Kind="Sub-task" Label="Fix MUC History bug?" MarkReadPending="false" ModificationDate="2012-12-17 22:24:02.0 -0800" Notes="" NotifiedIncoming="false" Owner="ibssagirum@gmail.com" Priority="P2" Reminded="false" RepositoryUrl="https://samoranatigirum.atlassian.net" Stale="false" TaskId="10173" offlineSyncState="INCOMING_NEW"><Attribute Key="isSubtaskType">true</Attribute><Attribute Key="task.common.product">10004</Attribute></Task><Task Active="false" ConnectorKind="jira" CreationDate="2012-12-17 20:32:03.0 -0800" DueDate="" EndDate="" Estimated="0" Handle="https://samoranatigirum.atlassian.net-10153" IssueURL="https://samoranatigirum.atlassian.net/browse/HANG-32" Key="HANG-32" Kind="New Feature" Label="User-submitted user icons" MarkReadPending="false" ModificationDate="2012-12-17 20:32:24.0 -0800" Notes="" NotifiedIncoming="false" Owner="ibssagirum@gmail.com" Priority="P4" Reminded="false" RepositoryUrl="https://samoranatigirum.atlassian.net" Stale="false" TaskId="10153" offlineSyncState="INCOMING_NEW"><Attribute Key="isSubtaskType">false</Attribute><Attribute Key="task.common.product">10004</Attribute></Task><Task Active="false" ConnectorKind="jira" CreationDate="2012-12-17 22:19:57.0 -0800" DueDate="" EndDate="" Estimated="0" Handle="https://samoranatigirum.atlassian.net-10174" IssueURL="https://samoranatigirum.atlassian.net/browse/HANG-53" Key="HANG-53" Kind="Bug" Label="24 Hour History" MarkReadPending="false" ModificationDate="2012-12-18 00:59:50.0 -0800" Notes="" NotifiedIncoming="false" Owner="ibssagirum@gmail.com" Priority="P4" Reminded="false" RepositoryUrl="https://samoranatigirum.atlassian.net" Stale="false" TaskId="10174" offlineSyncState="INCOMING_NEW"><Attribute Key="isSubtaskType">false</Attribute><Attribute Key="task.common.product">10004</Attribute></Task><Task Active="false" ConnectorKind="jira" CreationDate="2012-12-17 21:06:34.0 -0800" DueDate="" EndDate="" Estimated="0" Handle="https://samoranatigirum.atlassian.net-10164" IssueURL="https://samoranatigirum.atlassian.net/browse/HANG-43" Key="HANG-43" Kind="Epic" Label="Abstract" MarkReadPending="false" ModificationDate="2012-12-17 21:12:47.0 -0800" Notes="" NotifiedIncoming="false" Owner="ibssagirum@gmail.com" Priority="P3" Reminded="false" RepositoryUrl="https://samoranatigirum.atlassian.net" Stale="false" TaskId="10164" offlineSyncState="INCOMING_NEW"><Attribute Key="isSubtaskType">false</Attribute><Attribute Key="task.common.product">10004</Attribute></Task><Task Active="false" ConnectorKind="jira" CreationDate="2012-12-16 23:12:57.0 -0800" DueDate="" EndDate="" Estimated="0" Handle="https://samoranatigirum.atlassian.net-10125" IssueURL="https://samoranatigirum.atlassian.net/browse/HANG-4" Key="HANG-4" Kind="Story" Label="'Add New Friend'" MarkReadPending="false" ModificationDate="2012-12-17 22:35:39.0 -0800" Notes="" NotifiedIncoming="false" Owner="ibssagirum@gmail.com" Priority="P2" Reminded="false" RepositoryUrl="https://samoranatigirum.atlassian.net" Stale="false" TaskId="10125" offlineSyncState="INCOMING_NEW"><Attribute Key="isSubtaskType">false</Attribute><Attribute Key="task.common.product">10004</Attribute><SubTask Handle="https://samoranatigirum.atlassian.net-10136"/></Task><Task Active="false" ConnectorKind="jira" CreationDate="2012-12-17 21:17:53.0 -0800" DueDate="" EndDate="" Estimated="0" Handle="https://samoranatigirum.atlassian.net-10167" IssueURL="https://samoranatigirum.atlassian.net/browse/HANG-46" Key="HANG-46" Kind="Task" Label="Client/server share model classes?" MarkReadPending="false" ModificationDate="2012-12-17 21:18:08.0 -0800" Notes="" NotifiedIncoming="false" Owner="ibssagirum@gmail.com" Priority="P4" Reminded="false" RepositoryUrl="https://samoranatigirum.atlassian.net" Stale="false" TaskId="10167" offlineSyncState="INCOMING_NEW"><Attribute Key="isSubtaskType">false</Attribute><Attribute Key="task.common.product">10004</Attribute></Task><Task Active="false" ConnectorKind="jira" CreationDate="2012-12-17 20:35:19.0 -0800" DueDate="" EndDate="" Estimated="0" Handle="https://samoranatigirum.atlassian.net-10155" IssueURL="https://samoranatigirum.atlassian.net/browse/HANG-34" Key="HANG-34" Kind="Task" Label="Find our &quot;Carrot on a Stick&quot;" MarkReadPending="false" ModificationDate="2012-12-17 21:11:50.0 -0800" Notes="" NotifiedIncoming="false" Owner="ibssagirum@gmail.com" Priority="P4" Reminded="false" RepositoryUrl="https://samoranatigirum.atlassian.net" Stale="false" TaskId="10155" offlineSyncState="INCOMING_NEW"><Attribute Key="isSubtaskType">false</Attribute><Attribute Key="task.common.product">10004</Attribute></Task><Task Active="false" ConnectorKind="jira" CreationDate="2012-12-17 20:28:48.0 -0800" DueDate="" EndDate="" Estimated="0" Handle="https://samoranatigirum.atlassian.net-10152" IssueURL="https://samoranatigirum.atlassian.net/browse/HANG-31" Key="HANG-31" Kind="Task" Label="Google Play QR Code" MarkReadPending="false" ModificationDate="2012-12-17 20:29:08.0 -0800" Notes="" NotifiedIncoming="false" Owner="ibssagirum@gmail.com" Priority="P4" Reminded="false" RepositoryUrl="https://samoranatigirum.atlassian.net" Stale="false" TaskId="10152" offlineSyncState="INCOMING_NEW"><Attribute Key="isSubtaskType">false</Attribute><Attribute Key="task.common.product">10004</Attribute></Task><Task Active="false" ConnectorKind="jira" CreationDate="2012-12-17 20:47:54.0 -0800" DueDate="" EndDate="" Estimated="0" Handle="https://samoranatigirum.atlassian.net-10162" IssueURL="https://samoranatigirum.atlassian.net/browse/HANG-41" Key="HANG-41" Kind="Task" Label="Settings Activity" MarkReadPending="false" ModificationDate="2012-12-17 20:47:56.0 -0800" Notes="" NotifiedIncoming="false" Owner="ibssagirum@gmail.com" Priority="P3" Reminded="false" RepositoryUrl="https://samoranatigirum.atlassian.net" Stale="false" TaskId="10162" offlineSyncState="INCOMING_NEW"><Attribute Key="isSubtaskType">false</Attribute><Attribute Key="task.common.product">10004</Attribute></Task><Query ConnectorKind="jira" Handle="handle-1" LastRefreshTimeStamp="Dec 20, 0:15:43" Name="Assigned to me (hang)" QueryString="https://samoranatigirum.atlassian.net/secure/IssueNavigator.jspa?mode=hide&amp;reset=true&amp;pid=10004&amp;resolution=-1&amp;assigneeSelect=issue_current_user" RepositoryUrl="https://samoranatigirum.atlassian.net"><Attribute Key="FilterCustomUrl">https://samoranatigirum.atlassian.net/secure/IssueNavigator.jspa?mode=hide&amp;reset=true&amp;pid=10004&amp;resolution=-1&amp;assigneeSelect=issue_current_user</Attribute><QueryHit Handle="https://samoranatigirum.atlassian.net-10006"/><QueryHit Handle="https://samoranatigirum.atlassian.net-10134"/><QueryHit Handle="https://samoranatigirum.atlassian.net-10133"/><QueryHit Handle="https://samoranatigirum.atlassian.net-10132"/><QueryHit Handle="https://samoranatigirum.atlassian.net-10130"/><QueryHit Handle="https://samoranatigirum.atlassian.net-10128"/><QueryHit Handle="https://samoranatigirum.atlassian.net-10127"/><QueryHit Handle="https://samoranatigirum.atlassian.net-10125"/><QueryHit Handle="https://samoranatigirum.atlassian.net-10124"/><QueryHit Handle="https://samoranatigirum.atlassian.net-10174"/><QueryHit Handle="https://samoranatigirum.atlassian.net-10173"/><QueryHit Handle="https://samoranatigirum.atlassian.net-10172"/><QueryHit Handle="https://samoranatigirum.atlassian.net-10171"/><QueryHit Handle="https://samoranatigirum.atlassian.net-10169"/><QueryHit Handle="https://samoranatigirum.atlassian.net-10167"/><QueryHit Handle="https://samoranatigirum.atlassian.net-10166"/><QueryHit Handle="https://samoranatigirum.atlassian.net-10165"/><QueryHit Handle="https://samoranatigirum.atlassian.net-10164"/><QueryHit Handle="https://samoranatigirum.atlassian.net-10163"/><QueryHit Handle="https://samoranatigirum.atlassian.net-10162"/><QueryHit Handle="https://samoranatigirum.atlassian.net-10161"/><QueryHit Handle="https://samoranatigirum.atlassian.net-10160"/><QueryHit Handle="https://samoranatigirum.atlassian.net-10159"/><QueryHit Handle="https://samoranatigirum.atlassian.net-10158"/><QueryHit Handle="https://samoranatigirum.atlassian.net-10157"/><QueryHit Handle="https://samoranatigirum.atlassian.net-10156"/><QueryHit Handle="https://samoranatigirum.atlassian.net-10155"/><QueryHit Handle="https://samoranatigirum.atlassian.net-10154"/><QueryHit Handle="https://samoranatigirum.atlassian.net-10153"/><QueryHit Handle="https://samoranatigirum.atlassian.net-10152"/><QueryHit Handle="https://samoranatigirum.atlassian.net-10151"/><QueryHit Handle="https://samoranatigirum.atlassian.net-10150"/><QueryHit Handle="https://samoranatigirum.atlassian.net-10149"/><QueryHit Handle="https://samoranatigirum.atlassian.net-10148"/><QueryHit Handle="https://samoranatigirum.atlassian.net-10147"/><QueryHit Handle="https://samoranatigirum.atlassian.net-10146"/><QueryHit Handle="https://samoranatigirum.atlassian.net-10145"/><QueryHit Handle="https://samoranatigirum.atlassian.net-10144"/><QueryHit Handle="https://samoranatigirum.atlassian.net-10143"/><QueryHit Handle="https://samoranatigirum.atlassian.net-10142"/><QueryHit Handle="https://samoranatigirum.atlassian.net-10141"/><QueryHit Handle="https://samoranatigirum.atlassian.net-10139"/><QueryHit Handle="https://samoranatigirum.atlassian.net-10176"/></Query></TaskList>