<?xml version="1.0" encoding="UTF-8"?><InteractionHistory Id="https://samoranatigirum.atlassian.net-10006" Version="1"><InteractionEvent Delta="null" EndDate="2012-12-17 00:00:19.654 PST" Interest="3.0" Kind="propagation" Navigation="org.eclipse.mylyn.core.model.edges.containment" OriginId="org.eclipse.mylyn.core.model.interest.propagation" StartDate="2012-12-17 00:00:18.975 PST" StructureHandle="=Hang Android Client" StructureKind="resource" NumEvents="3" CreationCount="1"/><InteractionEvent Delta="null" EndDate="2012-12-17 00:00:19.655 PST" Interest="2.1" Kind="propagation" Navigation="org.eclipse.mylyn.core.model.edges.containment" OriginId="org.eclipse.mylyn.core.model.interest.propagation" StartDate="2012-12-17 00:00:18.977 PST" StructureHandle="=Hang Android Client/src" StructureKind="java" NumEvents="3" CreationCount="1"/><InteractionEvent Delta="null" EndDate="2012-12-17 00:00:19.654 PST" Interest="2.1" Kind="propagation" Navigation="org.eclipse.mylyn.core.model.edges.containment" OriginId="org.eclipse.mylyn.core.model.interest.propagation" StartDate="2012-12-17 00:00:18.976 PST" StructureHandle="=Hang Android Client/src&amp;lt;com.hang.android.activity{NewUserActivity.java" StructureKind="java" NumEvents="3" CreationCount="1"/><InteractionEvent Delta="null" EndDate="2012-12-17 00:00:19.653 PST" Interest="3.0" Kind="propagation" Navigation="org.eclipse.mylyn.core.model.edges.containment" OriginId="org.eclipse.mylyn.core.model.interest.propagation" StartDate="2012-12-17 00:00:18.975 PST" StructureHandle="/Hang Android Client/src/com/hang" StructureKind="resource" NumEvents="3" CreationCount="1"/><InteractionEvent Delta="null" EndDate="2012-12-17 00:00:19.654 PST" Interest="3.0" Kind="propagation" Navigation="org.eclipse.mylyn.core.model.edges.containment" OriginId="org.eclipse.mylyn.core.model.interest.propagation" StartDate="2012-12-17 00:00:18.975 PST" StructureHandle="/Hang Android Client/src" StructureKind="resource" NumEvents="3" CreationCount="1"/><InteractionEvent Delta="null" EndDate="2012-12-17 00:00:19.653 PST" Interest="2.1" Kind="propagation" Navigation="org.eclipse.mylyn.core.model.edges.containment" OriginId="org.eclipse.mylyn.core.model.interest.propagation" StartDate="2012-12-17 00:00:18.975 PST" StructureHandle="=Hang Android Client/src&amp;lt;com.hang.android.activity{NewUserActivity.java[NewUserActivity" StructureKind="java" NumEvents="3" CreationCount="1"/><InteractionEvent Delta="null" EndDate="2012-12-17 00:00:19.653 PST" Interest="3.0" Kind="propagation" Navigation="org.eclipse.mylyn.core.model.edges.containment" OriginId="org.eclipse.mylyn.core.model.interest.propagation" StartDate="2012-12-17 00:00:18.975 PST" StructureHandle="/Hang Android Client/src/com" StructureKind="resource" NumEvents="3" CreationCount="1"/><InteractionEvent Delta="null" EndDate="2012-12-17 00:00:19.653 PST" Interest="3.0" Kind="propagation" Navigation="org.eclipse.mylyn.core.model.edges.containment" OriginId="org.eclipse.mylyn.core.model.interest.propagation" StartDate="2012-12-17 00:00:18.975 PST" StructureHandle="/Hang Android Client/src/com/hang/android/activity" StructureKind="resource" NumEvents="3" CreationCount="1"/><InteractionEvent Delta="null" EndDate="2012-12-17 00:00:19.654 PST" Interest="3.0" Kind="propagation" Navigation="org.eclipse.mylyn.core.model.edges.containment" OriginId="org.eclipse.mylyn.core.model.interest.propagation" StartDate="2012-12-17 00:00:18.976 PST" StructureHandle="/" StructureKind="resource" NumEvents="3" CreationCount="1"/><InteractionEvent Delta="null" EndDate="2012-12-17 00:00:19.655 PST" Interest="2.1" Kind="propagation" Navigation="org.eclipse.mylyn.core.model.edges.containment" OriginId="org.eclipse.mylyn.core.model.interest.propagation" StartDate="2012-12-17 00:00:18.976 PST" StructureHandle="=Hang Android Client/src&amp;lt;com.hang.android.activity" StructureKind="java" NumEvents="3" CreationCount="1"/><InteractionEvent Delta="null" EndDate="2012-12-17 00:00:19.653 PST" Interest="3.0" Kind="propagation" Navigation="org.eclipse.mylyn.core.model.edges.containment" OriginId="org.eclipse.mylyn.core.model.interest.propagation" StartDate="2012-12-17 00:00:18.975 PST" StructureHandle="/Hang Android Client/src/com/hang/android" StructureKind="resource" NumEvents="3" CreationCount="1"/><InteractionEvent Delta="null" EndDate="2012-12-17 00:00:19.653 PST" Interest="3.0" Kind="propagation" Navigation="null" OriginId="org.eclipse.jdt.ui.CompilationUnitEditor" StartDate="2012-12-17 00:00:18.975 PST" StructureHandle="/Hang Android Client/src/com/hang/android/activity/NewUserActivity.java" StructureKind="resource" NumEvents="3" CreationCount="1"/><InteractionEvent Delta="null" EndDate="2012-12-17 00:00:19.652 PST" Interest="3.0" Kind="edit" Navigation="null" OriginId="org.eclipse.jdt.ui.CompilationUnitEditor" StartDate="2012-12-17 00:00:18.974 PST" StructureHandle="=Hang Android Client/src&amp;lt;com.hang.android.activity{NewUserActivity.java[NewUserActivity~onCreate~QBundle;" StructureKind="java" NumEvents="3" CreationCount="1"/></InteractionHistory>